{
	"class_name" : "PinholeCameraParameters",
	"extrinsic" : 
	[
		0.43206253678089995,
		0.90106564914816445,
		0.037452105890733008,
		0.0,
		0.79086858125897463,
		-0.39852688779336387,
		0.46443859323182035,
		0.0,
		0.43341533370183183,
		-0.17104682291972786,
		-0.88481304967840357,
		0.0,
		-14.596226338536018,
		-7.2528745194517459,
		29.265412101703333,
		1.0
	],
	"intrinsic" : 
	{
		"height" : 1055,
		"intrinsic_matrix" : 
		[
			913.65680099258282,
			0.0,
			0.0,
			0.0,
			913.65680099258282,
			0.0,
			959.5,
			527.0,
			1.0
		],
		"width" : 1920
	},
	"version_major" : 1,
	"version_minor" : 0
}